{"cameraMode":{"drawMode":0,"name":"Shaded","section":"Shading Mode"},"sceneLighting":true,"audioPlay":false,"sceneViewState":{"m_AlwaysRefresh":false,"showFog":true,"showSkybox":true,"showFlares":true,"showImageEffects":true,"showParticleSystems":true,"showVisualEffectGraphs":true,"m_FxEnabled":true},"in2DMode":false,"pivot":{"x":1.2615563869476319,"y":2.9680399894714357,"z":12.994699478149414},"rotation":{"x":0.09339091181755066,"y":-0.38375017046928408,"z":0.03904526308178902,"w":0.917872965335846},"size":4.706569194793701,"orthographic":true}